M,T,active_mb,admitted,alloc_width_var,central_loss,clock,clone_frac,delta_mad,delta_mean,delta_neg_frac,delta_std,dropped_texts,expert_loss,expert_updates,gate_loss,graded,health_batch,heldout,imitate_loss,k,k_wanted,migration_chain_acc,pred_gain,reliability_obs,reliability_spread,rho,size_chain_acc,standing_n,timeline_a,trust,update_frac
128.0,553.0,3706.637,1.0,0.0,1.883,324017.0,0.2,,,,,0.0,-0.0,2.0,0.898,1.0,5,1.0,0.54,3.0,31.0,0.515,0.015,27457.0,0.242,0.373,0.995,2391.0,0.292,0.39,
2.0,14.0,3704.101,0.0,0.001,4.375,324152.0,0.2,,,,,0.0,-0.0,3.0,0.03,1.0,10,0.0,0.399,2.0,5.0,0.515,-0.026,27550.0,0.242,0.6,0.995,2397.0,0.293,0.37,
41.0,11.0,3704.009,1.0,0.001,0.93,325904.0,0.2,,,,,0.0,0.02,7.0,0.126,1.0,15,1.0,0.37,2.0,4.0,0.515,0.017,27591.0,0.242,0.594,0.995,2405.0,0.292,0.582,
2.0,23.0,3775.876,0.0,0.001,0.324,326043.0,0.2,,,,,0.0,-0.0,10.0,0.237,1.0,20,1.0,0.726,2.0,6.0,0.515,-0.002,27595.0,0.242,0.6,0.995,2411.0,0.292,0.358,
33.0,34.0,3704.107,1.0,0.001,0.879,327120.0,0.16,0.076,-0.302,0.732,1.15,0.0,0.006,11.0,0.872,1.0,25,1.0,0.693,2.0,8.0,0.512,0.03,27765.0,0.241,0.556,0.995,2415.0,0.291,0.546,
128.0,55.0,3883.727,1.0,0.001,0.459,327350.0,0.133,0.074,-0.275,0.727,1.067,0.0,0.001,14.0,0.171,1.0,30,0.0,0.486,2.0,11.0,0.512,0.022,27765.0,0.241,0.521,0.995,2423.0,0.291,0.556,
2.0,14.0,3632.532,0.0,0.001,0.226,327525.0,0.143,0.069,-0.277,0.724,1.016,0.0,0.001,14.0,0.117,1.0,35,1.0,0.486,2.0,5.0,0.512,-0.027,27812.0,0.24,0.486,0.995,2429.0,0.291,0.358,
45.0,537.0,3886.329,1.0,0.001,0.656,329673.0,0.125,0.074,-0.309,0.733,0.988,0.0,-0.007,16.0,0.113,1.0,40,0.0,0.54,2.0,36.0,0.512,0.001,27821.0,0.24,0.364,0.995,2435.0,0.291,0.371,
9.0,14.0,3740.436,1.0,0.001,1.023,329902.0,0.156,0.069,-0.283,0.74,0.939,0.0,0.001,17.0,0.487,1.0,45,0.0,1.286,2.0,5.0,0.512,-0.001,28047.0,0.24,0.494,0.995,2439.0,0.291,0.359,
128.0,33.0,3704.211,1.0,0.001,0.598,331712.0,0.16,0.069,-0.28,0.736,0.904,0.0,0.034,18.0,0.029,1.0,50,0.0,0.552,2.0,8.0,0.512,0.028,28050.0,0.239,0.576,0.995,2447.0,0.292,0.599,
2.0,21.0,3704.101,0.0,0.001,1.156,333283.0,0.145,0.065,-0.263,0.733,0.885,0.0,0.04,19.0,0.181,1.0,55,0.0,0.23,2.0,5.0,0.512,0.013,28146.0,0.239,0.487,0.995,2453.0,0.291,0.594,
128.0,78.0,3632.554,1.0,0.001,0.447,334849.0,0.133,0.056,-0.244,0.722,0.852,0.0,0.03,20.0,0.281,1.0,60,1.0,0.232,2.0,13.0,0.512,0.017,28470.0,0.238,0.45,0.995,2457.0,0.291,0.421,
128.0,64.0,3812.011,1.0,0.001,0.34,337333.0,0.123,0.064,-0.268,0.728,0.872,0.0,-0.002,23.0,0.004,1.0,65,0.0,0.604,2.0,11.0,0.512,0.033,28470.0,0.238,0.537,0.995,2465.0,0.292,0.369,
31.0,14.0,3745.641,1.0,0.001,0.469,338391.0,0.129,0.065,-0.258,0.733,0.844,0.0,-0.005,26.0,0.259,1.0,70,0.0,0.403,2.0,5.0,0.512,0.017,28598.0,0.238,0.576,0.995,2471.0,0.291,0.599,
122.0,40.0,3633.585,1.0,0.001,0.167,338538.0,0.147,0.065,-0.255,0.75,0.82,0.0,-0.019,27.0,0.036,1.0,75,1.0,0.403,2.0,8.0,0.512,0.015,28910.0,0.24,0.538,0.995,2473.0,0.292,0.6,
128.0,1141.0,3743.822,1.0,0.001,1.359,340558.0,0.163,0.067,-0.25,0.768,0.793,0.0,0.001,28.0,1.558,1.0,80,0.0,1.382,3.0,54.0,0.512,-0.052,28914.0,0.24,0.368,0.995,2483.0,0.292,0.362,
87.0,68.0,3811.916,1.0,0.001,0.247,341402.0,0.153,0.066,-0.235,0.753,0.764,0.0,0.004,29.0,0.144,1.0,85,0.0,0.562,3.0,11.0,0.512,0.017,28921.0,0.24,0.599,0.995,2494.0,0.292,0.596,0.58
128.0,1134.0,3816.528,1.0,0.001,1.539,342759.0,0.144,0.064,-0.222,0.742,0.743,0.0,0.003,32.0,0.761,1.0,90,0.0,1.233,3.0,54.0,0.512,-0.024,29033.0,0.239,0.414,0.995,2504.0,0.291,0.413,0.593
60.0,142.0,3740.883,1.0,0.001,1.492,343153.0,0.137,0.06,-0.232,0.755,0.733,0.0,-0.001,34.0,0.103,1.0,95,0.0,0.407,3.0,18.0,0.512,0.03,29072.0,0.238,0.363,0.996,2511.0,0.292,0.38,0.596
3.0,18.0,3632.275,0.0,0.001,0.459,343364.0,0.14,0.059,-0.256,0.775,0.721,0.0,0.013,36.0,0.343,1.0,100,0.0,0.503,2.0,6.0,0.512,-0.019,29072.0,0.238,0.523,0.996,2518.0,0.292,0.423,0.6
128.0,81.0,3812.086,1.0,0.001,0.52,343763.0,0.13,0.059,-0.243,0.77,0.708,0.0,0.009,39.0,0.267,1.0,105,0.0,0.731,3.0,14.0,0.512,0.042,29200.0,0.239,0.441,0.996,2528.0,0.292,0.406,0.609
4.0,17.0,3818.728,1.0,0.003,0.312,343989.0,0.14,0.064,-0.228,0.77,0.668,0.0,-0.104,43.0,0.356,1.0,110,0.0,0.315,3.0,3.0,0.512,-0.001,29328.0,0.24,0.603,0.996,2539.0,0.293,0.363,0.632
26.0,31.0,3704.296,1.0,0.003,0.482,344831.0,0.14,0.065,-0.193,0.78,0.461,0.0,0.015,44.0,0.581,1.0,115,0.0,0.44,2.0,4.0,0.512,-0.01,29437.0,0.24,0.594,0.996,2545.0,0.293,0.596,0.62
6.0,9.0,3704.011,1.0,0.003,0.387,345343.0,0.14,0.064,-0.188,0.78,0.459,0.0,-0.013,45.0,0.959,1.0,120,1.0,0.44,2.0,2.0,0.512,0.002,29571.0,0.241,0.604,0.996,2549.0,0.294,0.37,0.616
103.0,54.0,3777.136,1.0,0.003,1.383,346145.0,0.14,0.068,-0.199,0.795,0.464,0.0,0.011,46.0,0.124,1.0,125,1.0,0.83,2.0,6.0,0.512,-0.026,29674.0,0.24,0.572,0.996,2557.0,0.295,0.424,0.597
96.0,123.0,3884.142,1.0,0.003,0.582,347566.0,0.14,0.065,-0.162,0.805,0.411,0.0,0.012,48.0,0.045,1.0,130,0.0,0.721,2.0,10.0,0.512,-0.017,29930.0,0.24,0.419,0.996,2563.0,0.296,0.504,0.6
128.0,84.0,3632.523,1.0,0.003,0.91,348238.0,0.13,0.068,-0.165,0.81,0.411,0.0,0.003,49.0,0.039,1.0,135,0.0,0.721,2.0,8.0,0.512,-0.027,30058.0,0.239,0.427,0.996,2571.0,0.297,0.384,0.583
128.0,285.0,3633.195,1.0,0.003,1.172,349389.0,0.13,0.068,-0.17,0.81,0.429,0.0,0.001,50.0,0.081,1.0,140,0.0,0.721,2.0,17.0,0.512,-0.008,30058.0,0.239,0.417,0.996,2579.0,0.297,0.41,0.568
128.0,53.0,3740.101,1.0,0.003,0.041,351410.0,0.12,0.071,-0.182,0.83,0.438,0.0,-0.003,52.0,2.779,1.0,145,0.0,0.668,2.0,6.0,0.509,-0.036,30077.0,0.239,0.462,0.996,2587.0,0.299,0.374,0.565
128.0,54.0,3813.023,1.0,0.003,0.168,351622.0,0.11,0.073,-0.173,0.825,0.428,0.0,-0.003,52.0,0.116,1.0,150,0.0,0.218,2.0,6.0,0.509,-0.011,30184.0,0.239,0.478,0.996,2593.0,0.299,0.48,0.547
2.0,16.0,3632.257,0.0,0.003,0.0,351679.0,0.12,0.074,-0.18,0.815,0.416,0.0,-0.003,52.0,0.03,1.0,155,0.0,0.218,2.0,3.0,0.509,-0.023,30187.0,0.239,0.605,0.996,2595.0,0.3,0.366,0.542
128.0,19.0,3632.288,1.0,0.003,1.031,351918.0,0.12,0.074,-0.206,0.825,0.495,0.0,0.0,53.0,0.518,1.0,160,1.0,0.668,2.0,3.0,0.509,0.007,30443.0,0.242,0.492,0.996,2599.0,0.301,0.499,0.541
5.0,20.0,3814.019,1.0,0.003,0.926,353752.0,0.13,0.072,-0.202,0.815,0.495,0.0,0.003,54.0,0.07,1.0,165,0.0,1.897,2.0,3.0,0.509,-0.016,30571.0,0.242,0.366,0.996,2607.0,0.302,0.366,0.52
63.0,55.0,3740.527,1.0,0.003,0.241,354215.0,0.12,0.065,-0.197,0.81,0.495,0.0,-0.003,56.0,0.08,1.0,170,0.0,0.512,2.0,6.0,0.509,-0.016,30672.0,0.243,0.502,0.996,2615.0,0.303,0.417,0.51
12.0,94.0,3884.519,1.0,0.003,0.062,354531.0,0.1,0.07,-0.202,0.825,0.492,0.0,0.018,61.0,0.27,1.0,175,0.0,0.35,2.0,9.0,0.509,-0.012,30672.0,0.243,0.387,0.996,2625.0,0.305,0.368,0.51
5.0,38.0,3812.715,1.0,0.003,0.025,354685.0,0.08,0.075,-0.23,0.835,0.528,0.0,-0.131,62.0,0.319,1.0,180,0.0,0.284,2.0,5.0,0.509,-0.035,30725.0,0.242,0.462,0.996,2627.0,0.305,0.375,0.51
3.0,13.0,3632.259,0.0,0.003,3.094,354912.0,0.08,0.08,-0.233,0.845,0.529,0.0,-0.001,63.0,0.532,1.0,185,0.0,0.284,2.0,3.0,0.509,-0.042,30727.0,0.241,0.526,0.996,2631.0,0.306,0.379,0.51
128.0,118.0,3958.999,1.0,0.003,0.797,355215.0,0.08,0.081,-0.242,0.84,0.54,0.0,-0.05,67.0,0.016,1.0,190,0.0,1.513,2.0,10.0,0.509,0.009,30727.0,0.241,0.444,0.996,2639.0,0.307,0.466,0.53
128.0,60.0,3632.429,1.0,0.003,1.156,355525.0,0.08,0.087,-0.247,0.84,0.536,0.0,0.008,70.0,0.525,1.0,195,1.0,0.254,2.0,7.0,0.509,-0.03,30862.0,0.239,0.475,0.996,2645.0,0.308,0.369,0.56
128.0,712.0,3778.293,1.0,0.003,0.449,357075.0,0.07,0.086,-0.253,0.845,0.539,0.0,0.007,72.0,0.608,1.0,200,1.0,0.919,2.0,27.0,0.509,-0.054,30990.0,0.239,0.408,0.996,2651.0,0.309,0.394,0.56
2.0,14.0,3704.032,0.0,0.003,3.281,357230.0,0.09,0.09,-0.277,0.855,0.561,0.0,0.082,74.0,1.687,1.0,205,0.0,0.919,2.0,3.0,0.514,-0.032,30990.0,0.239,0.487,0.996,2657.0,0.31,0.371,0.56
7.0,46.0,3811.773,1.0,0.002,0.0,357465.0,0.09,0.091,-0.253,0.845,0.601,0.0,0.0,75.0,0.276,1.0,210,0.0,0.302,2.0,9.0,0.514,-0.001,30990.0,0.239,0.402,0.996,2671.0,0.31,0.399,0.56
128.0,62.0,3884.842,1.0,0.002,0.33,357649.0,0.08,0.091,-0.232,0.825,0.614,0.0,-0.001,77.0,0.819,1.0,215,0.0,0.24,2.0,10.0,0.514,0.031,30990.0,0.239,0.494,0.996,2677.0,0.31,0.366,0.57
112.0,34.0,3632.335,1.0,0.002,0.188,357861.0,0.07,0.093,-0.232,0.815,0.614,0.0,-0.001,77.0,0.141,1.0,220,1.0,0.546,2.0,8.0,0.514,0.043,31102.0,0.238,0.582,0.996,2683.0,0.31,0.58,0.54
9.0,71.0,3740.532,1.0,0.002,0.0,359391.0,0.07,0.091,-0.226,0.81,0.612,0.0,0.163,80.0,0.352,1.0,225,0.0,0.642,2.0,12.0,0.516,0.013,31102.0,0.238,0.394,0.996,2693.0,0.31,0.368,0.53
5.0,43.0,3883.803,1.0,0.002,0.0,362160.0,0.07,0.092,-0.228,0.8,0.614,0.0,-0.05,83.0,0.496,1.0,230,0.0,0.374,2.0,9.0,0.516,0.044,31102.0,0.238,0.415,0.996,2703.0,0.309,0.368,0.54
101.0,42.0,3704.163,1.0,0.002,1.211,362393.0,0.08,0.095,-0.213,0.8,0.595,0.0,-0.007,85.0,0.044,1.0,235,1.0,0.465,2.0,8.0,0.516,-0.007,31203.0,0.238,0.494,0.996,2711.0,0.31,0.44,0.54
59.0,37.0,3813.126,1.0,0.002,0.418,363048.0,0.09,0.095,-0.207,0.8,0.588,0.0,-0.018,87.0,1.311,1.0,240,0.0,0.424,2.0,9.0,0.516,-0.057,31325.0,0.237,0.533,0.996,2719.0,0.311,0.397,0.54
24.0,2335.0,3748.829,1.0,0.002,2.656,365845.0,0.08,0.096,-0.213,0.8,0.594,0.0,0.023,90.0,0.116,1.0,245,0.0,0.86,2.0,69.0,0.514,0.013,31441.0,0.237,0.449,0.996,2725.0,0.311,0.407,0.55
56.0,72.0,3632.773,1.0,0.002,0.125,366028.0,0.08,0.093,-0.212,0.815,0.566,0.0,0.004,91.0,0.593,1.0,250,1.0,0.86,2.0,12.0,0.514,0.041,31501.0,0.239,0.569,0.996,2727.0,0.312,0.569,0.55
128.0,1523.0,3888.735,1.0,0.002,1.062,367798.0,0.07,0.101,-0.213,0.82,0.555,0.0,0.026,94.0,0.03,1.0,255,0.0,0.61,2.0,54.0,0.514,39.54,31504.0,0.239,0.559,0.996,2735.0,0.311,0.53,0.55
98.0,31.0,3740.167,1.0,0.002,0.613,368003.0,0.08,0.097,-0.189,0.825,0.487,0.0,0.007,97.0,0.004,1.0,260,0.0,0.318,2.0,8.0,0.514,0.045,31632.0,0.24,0.59,0.996,2744.0,0.311,0.594,0.54
9.0,111.0,3884.223,1.0,0.002,0.418,368947.0,0.07,0.1,-0.197,0.835,0.488,0.0,0.005,100.0,0.426,1.0,265,0.0,0.35,2.0,14.0,0.513,-0.003,31641.0,0.24,0.371,0.996,2752.0,0.311,0.375,0.56
40.0,32.0,3706.029,1.0,0.002,0.594,369143.0,0.09,0.099,-0.193,0.83,0.488,0.0,0.005,101.0,0.808,1.0,270,0.0,0.316,2.0,8.0,0.513,0.023,31644.0,0.24,0.607,0.996,2760.0,0.311,0.607,0.56
22.0,36.0,3812.013,1.0,0.002,0.906,369826.0,0.09,0.101,-0.174,0.805,0.456,0.0,-0.011,105.0,0.179,1.0,275,0.0,0.396,2.0,9.0,0.513,0.037,31649.0,0.241,0.607,0.996,2768.0,0.311,0.607,0.57
3.0,12.0,3632.49,0.0,0.002,0.0,369920.0,0.09,0.097,-0.166,0.78,0.483,0.0,-0.007,106.0,0.018,1.0,280,0.0,0.396,2.0,4.0,0.513,0.05,31761.0,0.239,0.528,0.996,2770.0,0.311,0.394,0.58
128.0,34.0,3776.538,1.0,0.002,0.271,370880.0,0.1,0.1,-0.173,0.78,0.479,0.0,0.003,108.0,1.614,1.0,285,0.0,1.338,2.0,8.0,0.513,0.011,31761.0,0.239,0.545,0.996,2778.0,0.311,0.475,0.58
128.0,49.0,3812.259,1.0,0.002,1.367,371610.0,0.1,0.098,-0.166,0.785,0.467,0.0,0.012,109.0,0.404,1.0,290,0.0,0.502,2.0,10.0,0.513,0.007,31889.0,0.238,0.426,0.996,2784.0,0.311,0.43,0.59
128.0,35.0,3739.977,1.0,0.002,0.203,371843.0,0.12,0.09,-0.152,0.78,0.461,0.0,0.012,109.0,0.06,1.0,295,0.0,0.327,2.0,9.0,0.513,0.029,32025.0,0.237,0.54,0.996,2790.0,0.311,0.409,0.58
128.0,76.0,3776.138,1.0,0.002,0.0,372167.0,0.13,0.09,-0.143,0.775,0.445,0.0,0.013,110.0,0.03,1.0,300,1.0,0.252,2.0,13.0,0.513,0.02,32259.0,0.234,0.527,0.996,2796.0,0.31,0.433,0.58
48.0,32.0,3812.473,1.0,0.002,0.844,372842.0,0.12,0.099,-0.157,0.78,0.487,0.0,0.024,113.0,1.265,1.0,305,0.0,0.252,2.0,8.0,0.513,0.022,32262.0,0.234,0.491,0.996,2802.0,0.31,0.429,0.61
29.0,88.0,3704.278,1.0,0.005,1.008,374548.0,0.11,0.094,-0.181,0.8,0.398,0.0,0.024,113.0,0.725,1.0,310,0.0,0.923,2.0,13.0,0.513,0.029,32390.0,0.237,0.413,0.996,2812.0,0.31,0.41,0.6
121.0,93.0,3632.541,1.0,0.005,1.07,375462.0,0.13,0.096,-0.201,0.825,0.41,0.0,0.024,113.0,0.267,1.0,315,1.0,0.923,2.0,13.0,0.513,0.038,32515.0,0.238,0.534,0.996,2814.0,0.31,0.372,0.59
127.0,107.0,3743.052,1.0,0.005,1.047,376326.0,0.13,0.11,-0.214,0.83,0.415,0.0,0.021,114.0,0.55,1.0,320,0.0,0.923,2.0,13.0,0.513,0.538,32675.0,0.236,0.407,0.996,2818.0,0.311,0.432,0.59
3.0,64.0,3632.478,0.0,0.005,0.042,377406.0,0.15,0.106,-0.227,0.845,0.452,0.0,0.021,114.0,0.91,1.0,325,0.0,0.235,3.0,11.0,0.513,0.047,32803.0,0.236,0.452,0.996,2827.0,0.311,0.442,0.57
128.0,115.0,3816.073,1.0,0.005,2.766,377614.0,0.15,0.096,-0.234,0.85,0.456,0.0,-0.002,115.0,0.29,1.0,330,0.0,0.693,3.0,14.0,0.513,0.818,32867.0,0.234,0.59,0.996,2836.0,0.31,0.507,0.55
86.0,9.0,3811.696,1.0,0.005,1.562,378984.0,0.15,0.087,-0.223,0.85,0.45,0.0,-0.013,117.0,0.528,1.0,335,0.0,0.545,2.0,3.0,0.513,0.096,32995.0,0.234,0.467,0.996,2847.0,0.31,0.523,0.54
3.0,43.0,3632.431,0.0,0.005,0.75,379451.0,0.15,0.093,-0.298,0.85,0.877,0.0,-0.079,119.0,0.633,1.0,340,1.0,0.545,3.0,9.0,0.513,0.011,33011.0,0.234,0.375,0.996,2852.0,0.311,0.374,0.54
128.0,712.0,3706.738,1.0,0.005,0.516,381414.0,0.15,0.083,-0.289,0.84,0.878,0.0,0.017,122.0,0.475,1.0,345,1.0,0.504,3.0,42.0,0.513,37.333,33139.0,0.234,0.39,0.996,2864.0,0.311,0.534,0.53
3.0,34.0,3708.119,0.0,0.005,0.824,382227.0,0.17,0.096,-0.298,0.825,0.88,0.0,-0.002,124.0,0.423,1.0,350,1.0,1.863,3.0,7.0,0.513,0.062,33142.0,0.234,0.53,0.996,2872.0,0.311,0.393,0.53
81.0,72.0,3632.507,1.0,0.005,2.156,383728.0,0.18,0.096,-0.302,0.85,0.879,0.0,-0.261,125.0,0.224,1.0,355,1.0,1.863,3.0,12.0,0.513,0.067,33365.0,0.235,0.543,0.996,2877.0,0.31,0.609,0.53
128.0,72.0,3632.523,1.0,0.005,1.336,385189.0,0.19,0.09,-0.298,0.885,0.862,0.0,0.012,126.0,0.08,1.0,360,1.0,0.438,3.0,12.0,0.513,-0.012,33493.0,0.236,0.524,0.996,2886.0,0.311,0.409,0.52
5.0,79.0,3812.16,1.0,0.005,0.0,385516.0,0.19,0.089,-0.302,0.9,0.862,0.0,0.009,129.0,0.357,1.0,365,0.0,0.402,3.0,11.0,0.512,-0.02,33537.0,0.235,0.375,0.996,2895.0,0.311,0.394,0.54
15.0,65.0,3811.893,1.0,0.005,0.101,385747.0,0.18,0.094,-0.308,0.895,0.864,0.0,-0.02,132.0,0.203,1.0,370,0.0,1.439,3.0,11.0,0.512,0.028,33537.0,0.235,0.422,0.996,2907.0,0.311,0.38,0.55
67.0,42.0,3704.617,1.0,0.005,0.153,386026.0,0.18,0.091,-0.31,0.895,0.864,0.0,0.083,134.0,0.129,1.0,375,1.0,0.182,3.0,8.0,0.512,0.069,33604.0,0.235,0.561,0.996,2917.0,0.31,0.609,0.56
2.0,8.0,3632.288,0.0,0.005,0.0,386641.0,0.19,0.091,-0.322,0.875,0.92,0.0,0.006,135.0,0.077,1.0,380,0.0,2.424,2.0,3.0,0.512,-0.012,33843.0,0.235,0.609,0.996,2920.0,0.31,0.417,0.56
128.0,38.0,3811.887,1.0,0.005,0.184,386795.0,0.19,0.097,-0.303,0.865,0.933,0.0,-0.008,137.0,1.208,1.0,385,0.0,2.424,3.0,8.0,0.513,0.077,33875.0,0.235,0.507,0.996,2925.0,0.31,0.394,0.57
1.0,9.0,3704.005,0.0,0.005,3.688,386911.0,0.2,0.088,-0.241,0.84,0.998,0.0,-0.008,137.0,0.244,1.0,390,0.0,0.143,2.0,3.0,0.513,0.031,33943.0,0.234,0.609,0.996,2929.0,0.31,0.376,0.56
2.0,11.0,3632.304,0.0,0.005,0.125,387740.0,0.19,0.088,-0.236,0.835,0.996,0.0,0.003,139.0,0.014,1.0,395,0.0,0.143,2.0,4.0,0.513,-0.032,34071.0,0.234,0.375,0.996,2936.0,0.31,0.375,0.56
53.0,218.0,3706.823,1.0,0.005,0.297,389189.0,0.18,0.091,-0.22,0.825,0.978,0.0,0.015,143.0,0.171,1.0,400,1.0,1.861,3.0,22.0,0.513,3.002,34124.0,0.236,0.409,0.996,2946.0,0.31,0.445,0.58
1.0,47.0,3632.489,0.0,0.005,0.875,389817.0,0.17,0.096,-0.224,0.83,0.983,0.0,0.02,144.0,0.116,1.0,405,0.0,0.833,2.0,9.0,0.512,0.033,34380.0,0.237,0.372,0.996,2950.0,0.31,0.407,0.58
107.0,12.0,3632.335,1.0,0.0,0.695,391734.0,0.18,0.097,-0.223,0.825,0.983,0.0,-0.048,148.0,0.207,1.0,410,0.0,0.837,4.0,6.0,0.512,0.029,34380.0,0.237,0.609,0.996,2969.0,0.31,0.596,0.58
128.0,48.0,3704.169,1.0,0.0,1.141,392377.0,0.16,0.097,-0.179,0.83,0.703,0.0,-0.006,149.0,0.513,1.0,415,1.0,0.486,2.0,10.0,0.512,0.038,34508.0,0.242,0.402,0.996,2973.0,0.311,0.434,0.57
44.0,46.0,3632.53,1.0,0.0,0.0,393347.0,0.16,0.101,-0.186,0.84,0.703,0.0,0.041,150.0,0.257,1.0,420,1.0,0.692,2.0,9.0,0.512,0.039,34570.0,0.242,0.609,0.996,2977.0,0.311,0.609,0.56
15.0,63.0,3776.527,1.0,0.0,0.141,393598.0,0.15,0.107,-0.185,0.855,0.697,0.0,-0.05,153.0,0.075,1.0,425,1.0,0.453,2.0,10.0,0.513,0.029,34585.0,0.242,0.375,0.996,2983.0,0.311,0.377,0.57
113.0,53.0,3632.413,1.0,0.0,0.527,393866.0,0.15,0.098,-0.181,0.855,0.699,0.0,-0.007,154.0,0.922,1.0,430,1.0,0.321,2.0,11.0,0.513,-0.006,34850.0,0.236,0.473,0.996,2985.0,0.312,0.382,0.58
128.0,10.0,3632.273,1.0,0.0,0.605,394032.0,0.15,0.101,-0.198,0.85,0.719,0.0,-0.007,154.0,0.369,1.0,435,0.0,0.321,2.0,5.0,0.513,0.023,34852.0,0.236,0.609,0.996,2991.0,0.312,0.611,0.56
10.0,66.0,3740.113,1.0,0.0,0.0,394250.0,0.15,0.116,-0.22,0.84,0.74,0.0,-0.015,155.0,0.008,1.0,440,0.0,0.321,2.0,11.0,0.513,-0.079,34852.0,0.236,0.44,0.996,2997.0,0.312,0.401,0.54
128.0,63.0,3632.491,1.0,0.0,0.218,395568.0,0.16,0.116,-0.221,0.825,0.744,0.0,0.017,156.0,0.201,1.0,445,1.0,1.141,3.0,10.0,0.513,0.034,34980.0,0.237,0.518,0.996,3004.0,0.312,0.394,0.55
128.0,16.0,3632.737,1.0,0.0,1.359,396300.0,0.16,0.103,-0.205,0.82,0.743,0.0,0.017,156.0,0.035,1.0,450,1.0,1.141,2.0,5.0,0.513,0.033,35303.0,0.232,0.606,0.996,3008.0,0.312,0.602,0.53
88.0,37.0,3811.813,1.0,0.0,0.617,396817.0,0.17,0.09,-0.199,0.82,0.744,0.0,-0.148,157.0,0.031,1.0,455,0.0,0.383,3.0,9.0,0.513,0.019,35303.0,0.232,0.599,0.996,3018.0,0.313,0.585,0.51
128.0,42.0,3704.183,1.0,0.0,1.055,397539.0,0.15,0.086,-0.193,0.8,0.744,0.0,-0.0,159.0,0.008,1.0,460,1.0,1.203,3.0,8.0,0.513,-0.003,35431.0,0.232,0.504,0.996,3029.0,0.312,0.457,0.51
128.0,62.0,3884.295,1.0,0.0,1.031,397830.0,0.15,0.081,-0.174,0.83,0.617,0.0,0.003,161.0,0.087,1.0,465,0.0,0.47,3.0,10.0,0.514,0.005,35559.0,0.233,0.465,0.996,3038.0,0.313,0.448,0.52
128.0,118.0,3632.616,1.0,0.0,0.379,399494.0,0.15,0.082,-0.207,0.83,0.518,0.0,0.026,162.0,0.058,1.0,470,1.0,1.179,3.0,13.0,0.514,0.036,35687.0,0.235,0.478,0.996,3048.0,0.312,0.401,0.53
3.0,51.0,3632.447,0.0,0.0,0.0,401144.0,0.15,0.082,-0.217,0.84,0.505,0.0,-0.005,164.0,0.574,1.0,475,0.0,0.828,3.0,10.0,0.514,-0.014,35815.0,0.236,0.608,0.996,3056.0,0.312,0.38,0.52
128.0,112.0,3740.342,1.0,0.0,0.766,402032.0,0.15,0.081,-0.212,0.835,0.504,0.0,-0.0,166.0,1.287,1.0,480,0.0,0.308,3.0,14.0,0.514,0.031,35836.0,0.236,0.48,0.996,3068.0,0.312,0.471,0.53
128.0,101.0,3887.805,1.0,0.0,0.214,402338.0,0.15,0.07,-0.193,0.82,0.514,0.0,0.001,168.0,0.365,1.0,485,0.0,0.67,3.0,13.0,0.513,-0.019,35964.0,0.237,0.442,0.996,3080.0,0.312,0.417,0.54
128.0,90.0,3740.337,1.0,0.0,0.27,402643.0,0.17,0.07,-0.169,0.805,0.518,0.0,0.004,169.0,0.052,1.0,490,0.0,0.67,3.0,13.0,0.513,-0.006,36092.0,0.235,0.479,0.996,3089.0,0.313,0.47,0.55
123.0,265.0,3633.179,1.0,0.0,0.27,403196.0,0.17,0.068,-0.133,0.815,0.387,0.0,0.004,169.0,0.052,1.0,495,1.0,0.67,3.0,19.0,0.513,0.035,36388.0,0.234,0.395,0.996,3089.0,0.312,0.398,0.55
97.0,57.0,3632.46,1.0,0.0,0.042,403441.0,0.17,0.066,-0.142,0.8,0.425,0.0,-0.006,170.0,0.285,1.0,500,1.0,0.312,3.0,10.0,0.513,0.013,36578.0,0.234,0.539,0.996,3095.0,0.313,0.386,0.55
8.0,27.0,3886.719,1.0,0.0,1.445,403595.0,0.19,0.071,-0.152,0.795,0.425,0.0,0.007,172.0,0.077,1.0,505,0.0,0.708,3.0,7.0,0.513,0.024,36578.0,0.234,0.608,0.996,3104.0,0.313,0.591,0.56
20.0,22.0,3813.175,1.0,0.0,0.945,403745.0,0.19,0.07,-0.155,0.78,0.51,0.0,-0.058,174.0,0.149,1.0,510,0.0,0.516,4.0,7.0,0.513,0.034,36579.0,0.234,0.608,0.996,3115.0,0.313,0.608,0.56
87.0,39.0,3811.815,1.0,0.0,0.75,405550.0,0.2,0.07,-0.152,0.775,0.51,0.0,0.002,177.0,0.005,1.0,515,0.0,0.727,2.0,10.0,0.513,-0.002,36581.0,0.234,0.608,0.996,3123.0,0.314,0.607,0.56
128.0,717.0,3778.424,1.0,0.0,0.84,408158.0,0.2,0.07,-0.152,0.76,0.51,0.0,-0.003,179.0,0.044,1.0,520,0.0,0.336,2.0,34.0,0.513,-0.106,36728.0,0.235,0.429,0.996,3129.0,0.315,0.416,0.56
61.0,49.0,3740.423,1.0,0.0,0.777,408305.0,0.2,0.072,-0.149,0.75,0.534,0.0,0.01,180.0,0.038,1.0,525,0.0,0.336,2.0,10.0,0.511,0.005,36784.0,0.235,0.502,0.996,3133.0,0.315,0.431,0.55
2.0,23.0,3704.149,0.0,0.0,2.062,408446.0,0.2,0.074,-0.147,0.745,0.535,0.0,-0.0,182.0,1.4,1.0,530,0.0,1.293,2.0,8.0,0.511,-0.025,36817.0,0.235,0.609,0.996,3139.0,0.315,0.4,0.57
32.0,17.0,3635.312,1.0,0.0,0.445,408635.0,0.19,0.077,-0.148,0.75,0.536,0.0,-0.0,182.0,0.387,1.0,535,0.0,1.293,2.0,6.0,0.511,-0.012,36921.0,0.239,0.609,0.996,3145.0,0.315,0.584,0.54
11.0,34.0,3704.087,1.0,0.0,0.361,409727.0,0.19,0.079,-0.143,0.73,0.532,0.0,0.007,184.0,0.001,1.0,540,1.0,0.697,2.0,8.0,0.511,0.021,37060.0,0.239,0.609,0.996,3151.0,0.314,0.609,0.54
5.0,12.0,3821.341,1.0,0.0,0.025,410393.0,0.18,0.072,-0.141,0.73,0.533,0.0,-0.018,185.0,0.189,1.0,545,0.0,0.281,2.0,6.0,0.509,-0.027,37222.0,0.241,0.469,0.996,3157.0,0.315,0.379,0.53
62.0,19.0,3632.698,1.0,0.0,0.139,411752.0,0.16,0.066,-0.141,0.745,0.532,0.0,-0.018,185.0,0.21,1.0,550,0.0,0.281,2.0,6.0,0.509,-0.007,37606.0,0.241,0.602,0.996,3161.0,0.315,0.603,0.52
69.0,11.0,3813.884,1.0,0.0,1.117,411944.0,0.15,0.063,-0.139,0.74,0.532,0.0,-0.001,187.0,0.071,1.0,555,0.0,0.417,2.0,6.0,0.509,-0.005,37825.0,0.234,0.585,0.996,3167.0,0.315,0.591,0.52
7.0,55.0,3812.437,1.0,0.0,0.0,412206.0,0.15,0.065,-0.148,0.74,0.537,0.0,-0.002,191.0,0.339,1.0,560,0.0,0.354,2.0,11.0,0.509,-0.024,37825.0,0.234,0.379,0.996,3175.0,0.316,0.379,0.54
57.0,41.0,3740.326,1.0,0.0,0.852,412439.0,0.16,0.064,-0.148,0.755,0.536,0.0,0.014,193.0,0.319,1.0,565,0.0,0.354,2.0,8.0,0.509,0.03,37887.0,0.234,0.61,0.996,3181.0,0.315,0.61,0.54
128.0,912.0,3707.087,1.0,0.0,0.535,413458.0,0.15,0.065,-0.159,0.765,0.528,0.0,0.003,194.0,0.179,1.0,570,0.0,0.354,2.0,40.0,0.509,-0.023,37978.0,0.234,0.461,0.996,3187.0,0.316,0.42,0.52
62.0,32.0,3776.109,1.0,0.0,0.191,414209.0,0.16,0.072,-0.163,0.77,0.527,0.0,0.006,197.0,0.31,1.0,575,0.0,0.25,2.0,8.0,0.509,0.033,37978.0,0.234,0.511,0.996,3197.0,0.315,0.541,0.51
128.0,729.0,3742.42,1.0,0.0,1.016,415146.0,0.15,0.072,-0.173,0.775,0.51,0.0,-0.001,199.0,0.334,1.0,580,0.0,0.551,2.0,35.0,0.509,-0.191,37978.0,0.234,0.432,0.996,3205.0,0.316,0.438,0.51
3.0,12.0,3632.259,0.0,0.0,0.0,415308.0,0.14,0.072,-0.168,0.765,0.554,0.0,-0.001,200.0,1.062,1.0,585,0.0,0.341,2.0,6.0,0.507,-0.027,38106.0,0.232,0.456,0.996,3209.0,0.315,0.387,0.51
5.0,14.0,3811.736,1.0,0.0,0.5,416099.0,0.11,0.073,-0.171,0.775,0.556,0.0,0.009,202.0,1.032,1.0,590,0.0,0.901,2.0,5.0,0.507,-0.032,38234.0,0.232,0.563,0.996,3217.0,0.316,0.405,0.49
48.0,78.0,3632.695,1.0,0.0,0.312,416317.0,0.1,0.066,-0.156,0.775,0.546,0.0,-0.001,204.0,0.584,1.0,595,1.0,0.901,2.0,13.0,0.507,-0.009,38282.0,0.233,0.381,0.996,3223.0,0.316,0.429,0.5
119.0,128.0,3704.396,1.0,0.0,1.0,417105.0,0.1,0.058,-0.138,0.755,0.547,0.0,-0.001,204.0,0.046,1.0,600,0.0,0.178,2.0,16.0,0.507,0.013,38410.0,0.233,0.388,0.996,3229.0,0.316,0.432,0.5
108.0,80.0,3632.562,1.0,0.0,0.648,418147.0,0.09,0.064,-0.123,0.765,0.507,0.0,0.001,205.0,0.148,1.0,605,1.0,0.178,2.0,13.0,0.506,0.027,38647.0,0.233,0.528,0.996,3231.0,0.316,0.445,0.5
128.0,87.0,3632.632,1.0,0.005,0.408,418906.0,0.07,0.063,-0.116,0.775,0.485,0.0,0.001,205.0,0.751,1.0,610,1.0,0.396,4.0,8.0,0.506,-0.008,38922.0,0.232,0.496,0.996,3235.0,0.318,0.457,0.49
128.0,63.0,3740.085,1.0,0.005,0.32,419144.0,0.06,0.059,-0.119,0.8,0.485,0.0,0.006,207.0,0.017,1.0,615,0.0,0.425,2.0,6.0,0.506,0.019,38930.0,0.232,0.585,0.996,3244.0,0.318,0.611,0.51
128.0,857.0,3778.753,1.0,0.005,1.578,420240.0,0.06,0.054,-0.124,0.82,0.457,0.0,-0.006,209.0,0.216,1.0,620,0.0,0.538,2.0,39.0,0.506,-0.028,39058.0,0.233,0.384,0.996,3252.0,0.319,0.38,0.52
2.0,17.0,3776.121,0.0,0.005,0.289,420538.0,0.05,0.056,-0.128,0.82,0.466,0.0,-0.0,212.0,0.125,1.0,625,1.0,0.56,2.0,2.0,0.506,-0.009,39116.0,0.234,0.611,0.996,3258.0,0.32,0.381,0.53
82.0,20.0,3703.981,1.0,0.005,0.465,420938.0,0.05,0.052,-0.129,0.835,0.464,0.0,-0.001,214.0,0.062,1.0,630,1.0,0.588,2.0,2.0,0.506,-0.001,39326.0,0.231,0.58,0.996,3264.0,0.32,0.578,0.54
8.0,82.0,3740.465,1.0,0.005,0.016,421170.0,0.05,0.053,-0.126,0.84,0.476,0.0,0.012,215.0,0.076,1.0,635,0.0,0.363,2.0,7.0,0.506,-0.023,39428.0,0.231,0.411,0.996,3268.0,0.321,0.384,0.53
128.0,65.0,3632.507,1.0,0.005,0.264,422044.0,0.05,0.06,-0.122,0.85,0.472,0.0,-0.031,217.0,0.019,1.0,640,1.0,1.177,2.0,6.0,0.506,-0.014,39794.0,0.234,0.529,0.996,3272.0,0.321,0.465,0.55
1.0,22.0,3705.41,0.0,0.005,0.957,422166.0,0.06,0.066,-0.152,0.85,0.499,0.0,0.01,218.0,0.01,1.0,645,1.0,0.666,2.0,3.0,0.504,-0.004,39797.0,0.234,0.379,0.996,3275.0,0.322,0.41,0.55
22.0,519.0,3815.239,1.0,0.005,0.875,422901.0,0.06,0.067,-0.188,0.86,0.594,0.0,0.01,220.0,0.137,1.0,650,0.0,0.45,2.0,27.0,0.504,4.035,39797.0,0.234,0.383,0.997,3283.0,0.323,0.613,0.55
128.0,1094.0,3744.031,1.0,0.005,1.055,424155.0,0.05,0.074,-0.214,0.87,0.611,0.0,0.019,221.0,0.445,1.0,655,0.0,0.45,2.0,48.0,0.504,-0.041,39806.0,0.234,0.404,0.997,3287.0,0.324,0.411,0.55
128.0,127.0,3632.648,1.0,0.005,0.559,424385.0,0.05,0.068,-0.226,0.86,0.632,0.0,0.019,221.0,0.878,1.0,660,0.0,0.45,2.0,10.0,0.504,0.55,39940.0,0.235,0.496,0.997,3291.0,0.325,0.408,0.55
117.0,26.0,3739.948,1.0,0.005,0.318,424589.0,0.04,0.066,-0.23,0.86,0.634,0.0,0.019,221.0,0.038,1.0,665,0.0,0.214,2.0,3.0,0.502,0.007,39940.0,0.235,0.515,0.997,3298.0,0.325,0.539,0.53
36.0,257.0,3885.959,1.0,0.005,0.449,425061.0,0.05,0.069,-0.25,0.865,0.649,0.0,-0.002,222.0,0.078,1.0,670,0.0,0.763,2.0,17.0,0.502,-0.022,40068.0,0.234,0.422,0.997,3304.0,0.327,0.43,0.52
91.0,41.0,3812.516,1.0,0.005,1.117,425279.0,0.05,0.058,-0.245,0.86,0.65,0.0,-0.006,224.0,0.089,1.0,675,0.0,0.189,2.0,5.0,0.502,-0.008,40068.0,0.234,0.497,0.997,3314.0,0.328,0.47,0.51
66.0,32.0,3812.754,1.0,0.005,0.719,425385.0,0.05,0.061,-0.262,0.87,0.664,0.0,0.008,225.0,0.242,1.0,680,0.0,0.347,2.0,4.0,0.502,-0.02,40072.0,0.234,0.502,0.997,3320.0,0.328,0.445,0.49
128.0,1530.0,3745.957,1.0,0.005,1.055,427061.0,0.06,0.061,-0.298,0.88,0.727,0.0,0.016,226.0,0.646,1.0,685,0.0,2.033,2.0,61.0,0.504,-0.04,40072.0,0.234,0.418,0.997,3328.0,0.329,0.396,0.47
26.0,307.0,3740.901,1.0,0.005,1.266,427648.0,0.07,0.07,-0.357,0.885,0.804,0.0,0.019,227.0,0.158,1.0,690,0.0,2.033,2.0,19.0,0.504,0.004,40084.0,0.234,0.415,0.997,3330.0,0.33,0.438,0.48
128.0,196.0,3632.885,1.0,0.005,1.336,429109.0,0.07,0.067,-0.348,0.905,0.787,0.0,0.001,229.0,0.17,1.0,695,1.0,2.033,2.0,14.0,0.504,0.018,40461.0,0.233,0.398,0.997,3334.0,0.331,0.402,0.49
128.0,697.0,3783.88,1.0,0.005,0.988,431393.0,0.07,0.064,-0.357,0.91,0.793,0.0,0.011,231.0,0.415,1.0,700,0.0,0.354,2.0,35.0,0.504,-0.005,40717.0,0.235,0.427,0.997,3340.0,0.332,0.406,0.49
128.0,95.0,3813.024,1.0,0.005,0.66,431689.0,0.08,0.06,-0.34,0.905,0.787,0.0,-0.002,232.0,0.052,1.0,705,0.0,0.556,2.0,8.0,0.504,0.007,40817.0,0.236,0.496,0.997,3348.0,0.332,0.406,0.49
55.0,67.0,3812.19,1.0,0.001,0.07,432573.0,0.07,0.066,-0.373,0.91,0.911,0.0,-0.005,235.0,0.062,1.0,710,0.0,1.05,4.0,11.0,0.504,0.024,40882.0,0.236,0.612,0.997,3358.0,0.332,0.616,0.51
90.0,65.0,3632.429,1.0,0.001,1.625,433052.0,0.07,0.069,-0.374,0.92,0.91,0.0,-0.005,235.0,0.126,1.0,715,1.0,1.42,2.0,11.0,0.504,0.013,41100.0,0.236,0.477,0.997,3364.0,0.332,0.382,0.5
12.0,17.0,3776.4,1.0,0.001,0.344,433686.0,0.08,0.074,-0.387,0.92,0.917,0.0,-0.04,236.0,0.001,1.0,720,0.0,0.349,2.0,6.0,0.504,0.024,41100.0,0.236,0.617,0.997,3372.0,0.333,0.585,0.49
128.0,66.0,3633.07,1.0,0.001,0.355,434233.0,0.08,0.061,-0.376,0.925,0.914,0.0,-0.04,236.0,0.313,1.0,725,1.0,0.512,2.0,11.0,0.503,-0.027,41306.0,0.236,0.424,0.997,3376.0,0.333,0.42,0.47
128.0,35.0,3704.091,1.0,0.001,0.245,434562.0,0.09,0.067,-0.391,0.925,0.927,0.0,0.021,238.0,0.192,1.0,730,0.0,0.113,2.0,9.0,0.503,0.016,41306.0,0.236,0.577,0.997,3384.0,0.333,0.575,0.46
60.0,28.0,3740.768,1.0,0.001,1.0,434737.0,0.11,0.065,-0.398,0.93,0.918,0.0,-0.003,239.0,0.033,1.0,735,0.0,0.299,2.0,7.0,0.503,0.024,41306.0,0.236,0.613,0.997,3394.0,0.333,0.617,0.44
21.0,506.0,3633.993,1.0,0.001,0.083,435405.0,0.13,0.068,-0.41,0.93,0.932,0.0,-0.001,241.0,0.153,1.0,740,0.0,0.304,2.0,34.0,0.503,0.004,41306.0,0.236,0.405,0.997,3402.0,0.332,0.426,0.44
126.0,67.0,3884.224,1.0,0.001,0.434,435972.0,0.13,0.06,-0.359,0.92,0.877,0.0,0.007,245.0,0.06,1.0,745,0.0,0.284,2.0,11.0,0.5,-0.017,41306.0,0.236,0.532,0.997,3412.0,0.333,0.472,0.45
128.0,48.0,3632.445,1.0,0.001,0.199,437265.0,0.12,0.059,-0.3,0.91,0.99,0.0,-0.005,247.0,0.107,1.0,750,0.0,0.533,2.0,10.0,0.5,0.003,41434.0,0.236,0.463,0.997,3418.0,0.333,0.465,0.46
13.0,78.0,3740.24,1.0,0.001,0.0,437462.0,0.15,0.059,-0.314,0.91,1.028,0.0,-0.006,248.0,0.183,1.0,755,0.0,0.533,2.0,13.0,0.5,-0.012,41496.0,0.237,0.4,0.997,3422.0,0.333,0.39,0.46
2.0,14.0,3632.696,0.0,0.001,0.0,437659.0,0.16,0.063,-0.33,0.915,1.038,0.0,-0.023,249.0,0.042,1.0,760,0.0,0.261,2.0,5.0,0.5,-0.024,41496.0,0.237,0.618,0.997,3428.0,0.334,0.381,0.45
50.0,40.0,3811.975,1.0,0.001,1.992,437866.0,0.16,0.064,-0.311,0.9,1.031,0.0,-0.002,252.0,0.005,1.0,765,0.0,0.261,2.0,10.0,0.502,0.004,41572.0,0.236,0.411,0.997,3434.0,0.334,0.479,0.48
78.0,37.0,3739.979,1.0,0.001,0.52,438029.0,0.16,0.075,-0.388,0.9,1.246,0.0,0.006,254.0,0.054,1.0,770,0.0,0.599,2.0,9.0,0.502,-0.015,41700.0,0.236,0.533,0.997,3438.0,0.335,0.47,0.49
4.0,18.0,3812.65,1.0,0.001,0.297,438562.0,0.16,0.076,-0.378,0.9,1.24,0.0,0.146,256.0,0.699,1.0,775,0.0,0.599,2.0,6.0,0.502,0.003,41750.0,0.234,0.382,0.997,3446.0,0.335,0.572,0.49
5.0,16.0,3813.59,1.0,0.001,1.25,439568.0,0.16,0.078,-0.349,0.9,1.186,0.0,0.171,258.0,0.889,1.0,780,0.0,0.165,2.0,5.0,0.502,0.004,41877.0,0.236,0.476,0.997,3452.0,0.336,0.383,0.49
66.0,58.0,3812.527,1.0,0.001,0.189,439749.0,0.15,0.074,-0.285,0.88,1.137,0.0,-0.006,260.0,0.437,1.0,785,0.0,0.314,2.0,12.0,0.502,0.014,41886.0,0.236,0.536,0.997,3458.0,0.337,0.4,0.49
128.0,845.0,3779.334,1.0,0.001,1.68,441193.0,0.14,0.073,-0.281,0.875,1.137,0.0,0.002,261.0,0.281,1.0,790,0.0,0.55,2.0,44.0,0.502,1.793,41982.0,0.236,0.423,0.997,3466.0,0.337,0.406,0.47
128.0,107.0,3812.252,1.0,0.001,0.131,441620.0,0.14,0.075,-0.271,0.885,1.132,0.0,0.006,264.0,0.163,1.0,795,0.0,0.499,2.0,15.0,0.502,-0.0,42183.0,0.235,0.444,0.997,3472.0,0.338,0.438,0.48
76.0,16.0,3632.26,1.0,0.001,0.578,442916.0,0.14,0.077,-0.273,0.88,1.132,0.0,0.006,266.0,0.14,1.0,800,0.0,0.499,2.0,5.0,0.502,0.007,42311.0,0.234,0.605,0.997,3480.0,0.337,0.59,0.48
12.0,80.0,3704.43,1.0,0.001,0.0,443085.0,0.13,0.075,-0.237,0.87,1.009,0.0,0.004,268.0,0.113,1.0,805,0.0,0.43,2.0,13.0,0.502,-0.008,42393.0,0.235,0.412,0.997,3486.0,0.337,0.386,0.48
79.0,438.0,3815.227,1.0,0.003,1.359,444021.0,0.13,0.076,-0.25,0.865,1.017,0.0,0.003,272.0,0.064,1.0,810,0.0,0.658,3.0,29.0,0.502,0.903,42521.0,0.235,0.406,0.997,3498.0,0.338,0.41,0.51
128.0,50.0,3704.196,1.0,0.003,0.467,444205.0,0.14,0.072,-0.238,0.86,1.011,0.0,-0.004,273.0,0.273,1.0,815,1.0,0.507,3.0,10.0,0.502,-0.015,42671.0,0.234,0.512,0.997,3503.0,0.338,0.48,0.52
128.0,20.0,3704.118,1.0,0.003,0.57,444464.0,0.14,0.077,-0.244,0.855,1.012,0.0,-0.001,275.0,0.051,1.0,820,0.0,0.682,2.0,7.0,0.502,0.022,42671.0,0.234,0.604,0.997,3512.0,0.338,0.554,0.54
62.0,45.0,3812.309,1.0,0.003,0.375,444672.0,0.14,0.076,-0.226,0.85,0.999,0.0,-0.017,277.0,0.412,1.0,825,0.0,0.454,2.0,9.0,0.5,0.0,42841.0,0.235,0.523,0.997,3516.0,0.338,0.454,0.55
128.0,67.0,3776.222,1.0,0.003,0.0,444911.0,0.15,0.081,-0.239,0.845,1.009,0.0,0.003,279.0,0.256,1.0,830,1.0,0.835,2.0,11.0,0.5,-0.016,42969.0,0.235,0.508,0.997,3522.0,0.338,0.511,0.56
128.0,73.0,3740.07,1.0,0.003,1.953,445471.0,0.13,0.08,-0.216,0.84,0.991,0.0,0.003,279.0,0.03,1.0,835,0.0,2.201,2.0,12.0,0.5,0.013,43235.0,0.231,0.599,0.997,3526.0,0.338,0.573,0.55
96.0,51.0,3776.491,1.0,0.003,0.328,445915.0,0.11,0.075,-0.21,0.83,0.992,0.0,-0.008,281.0,0.073,1.0,840,0.0,0.705,2.0,10.0,0.5,0.006,43235.0,0.231,0.605,0.997,3536.0,0.338,0.616,0.55
128.0,46.0,3705.086,1.0,0.003,1.0,447318.0,0.12,0.074,-0.246,0.82,0.882,0.0,-0.014,282.0,0.665,1.0,845,1.0,0.455,2.0,9.0,0.5,0.001,43381.0,0.231,0.479,0.997,3540.0,0.338,0.478,0.55
3.0,36.0,3776.759,0.0,0.003,0.0,447527.0,0.13,0.08,-0.248,0.82,0.871,0.0,-0.002,283.0,0.058,1.0,850,0.0,0.634,2.0,9.0,0.5,-0.018,43385.0,0.231,0.541,0.997,3542.0,0.339,0.391,0.55
36.0,35.0,3883.735,1.0,0.003,0.453,447893.0,0.12,0.077,-0.229,0.815,0.857,0.0,-0.016,286.0,0.122,1.0,855,0.0,0.603,2.0,9.0,0.5,0.016,43513.0,0.23,0.617,0.997,3550.0,0.339,0.617,0.55
128.0,1043.0,3779.427,1.0,0.003,0.243,449626.0,0.11,0.075,-0.231,0.815,0.856,0.0,-0.003,288.0,0.069,1.0,860,1.0,0.256,2.0,45.0,0.5,0.001,43641.0,0.231,0.444,0.997,3556.0,0.339,0.441,0.57
128.0,65.0,3704.567,1.0,0.003,0.395,450431.0,0.12,0.069,-0.164,0.8,0.483,0.0,-0.004,290.0,0.653,1.0,865,0.0,0.256,2.0,11.0,0.502,0.002,43694.0,0.23,0.546,0.997,3564.0,0.34,0.386,0.55
128.0,721.0,3742.456,1.0,0.003,1.578,451911.0,0.11,0.062,-0.158,0.81,0.481,0.0,-0.012,293.0,0.228,1.0,870,0.0,0.6,2.0,38.0,0.502,0.013,43822.0,0.23,0.426,0.997,3572.0,0.339,0.45,0.58
128.0,75.0,3632.478,1.0,0.003,0.228,452603.0,0.11,0.063,-0.164,0.81,0.498,0.0,0.011,295.0,0.038,1.0,875,0.0,0.6,2.0,12.0,0.502,0.009,43822.0,0.23,0.511,0.997,3580.0,0.339,0.42,0.59
93.0,79.0,3632.538,1.0,0.003,0.042,454621.0,0.1,0.066,-0.184,0.82,0.519,0.0,0.011,295.0,0.055,1.0,880,1.0,0.859,2.0,11.0,0.502,0.012,43915.0,0.229,0.606,0.997,3586.0,0.339,0.616,0.58
4.0,542.0,3705.839,1.0,0.003,1.055,457273.0,0.11,0.066,-0.17,0.81,0.538,0.0,0.0,296.0,0.066,1.0,885,1.0,0.738,2.0,32.0,0.502,-0.002,43919.0,0.229,0.447,0.997,3592.0,0.34,0.442,0.58
3.0,35.0,3704.085,0.0,0.003,4.188,457566.0,0.12,0.063,-0.163,0.785,0.558,0.0,0.002,297.0,0.773,1.0,890,0.0,0.2,2.0,9.0,0.502,-0.019,44014.0,0.228,0.465,0.997,3598.0,0.341,0.432,0.59
126.0,64.0,3956.545,1.0,0.003,0.992,457839.0,0.13,0.061,-0.177,0.785,0.579,0.0,-0.002,299.0,0.57,1.0,895,0.0,2.49,2.0,11.0,0.502,-0.01,44273.0,0.226,0.412,0.997,3602.0,0.341,0.421,0.59
128.0,45.0,3632.382,1.0,0.003,0.181,458454.0,0.14,0.06,-0.19,0.795,0.612,0.0,0.042,300.0,0.244,1.0,900,0.0,2.49,2.0,9.0,0.502,-0.011,44401.0,0.228,0.494,0.997,3608.0,0.341,0.478,0.59
70.0,51.0,3632.398,1.0,0.003,0.32,459778.0,0.15,0.061,-0.194,0.795,0.614,0.0,0.01,302.0,0.814,1.0,905,1.0,2.49,2.0,10.0,0.502,0.003,44474.0,0.227,0.513,0.997,3612.0,0.342,0.426,0.59
11.0,66.0,3776.201,1.0,0.001,0.234,459969.0,0.15,0.062,-0.2,0.8,0.62,0.0,0.001,304.0,1.314,1.0,910,1.0,0.264,2.0,8.0,0.502,-0.044,44485.0,0.227,0.412,0.997,3620.0,0.342,0.391,0.59
23.0,38.0,3811.911,1.0,0.001,0.038,460185.0,0.16,0.063,-0.254,0.805,0.747,0.0,-0.01,306.0,0.009,1.0,915,0.0,0.435,2.0,6.0,0.502,0.025,44613.0,0.227,0.616,0.997,3624.0,0.342,0.616,0.59
1.0,41.0,3704.166,0.0,0.001,0.5,460377.0,0.15,0.073,-0.31,0.805,0.904,0.0,-0.001,308.0,0.343,1.0,920,0.0,0.306,2.0,6.0,0.502,0.018,44615.0,0.227,0.389,0.997,3630.0,0.342,0.472,0.6
123.0,89.0,3704.826,1.0,0.001,1.062,461400.0,0.15,0.072,-0.326,0.815,0.912,0.0,-0.018,309.0,0.019,1.0,925,1.0,1.104,2.0,10.0,0.502,-0.024,44738.0,0.227,0.504,0.997,3638.0,0.342,0.422,0.6
128.0,1053.0,3635.882,1.0,0.001,0.91,462673.0,0.15,0.063,-0.323,0.805,0.913,0.0,-0.018,309.0,0.151,1.0,930,0.0,0.457,2.0,38.0,0.502,0.006,44842.0,0.228,0.411,0.997,3644.0,0.342,0.412,0.57
45.0,13.0,3632.419,1.0,0.001,0.046,463185.0,0.15,0.069,-0.338,0.81,0.92,0.0,-0.006,310.0,0.104,1.0,935,0.0,0.421,2.0,3.0,0.502,0.014,44844.0,0.228,0.618,0.997,3653.0,0.342,0.556,0.56
128.0,63.0,3632.445,1.0,0.001,0.934,463568.0,0.15,0.071,-0.349,0.835,0.918,0.0,0.003,312.0,0.054,1.0,940,0.0,0.784,2.0,8.0,0.502,-0.005,44981.0,0.228,0.431,0.997,3659.0,0.342,0.454,0.56
103.0,344.0,3886.337,1.0,0.001,0.883,464058.0,0.14,0.062,-0.313,0.835,0.869,0.0,-0.03,314.0,0.121,1.0,945,0.0,1.007,2.0,20.0,0.502,0.007,45013.0,0.228,0.44,0.997,3665.0,0.342,0.403,0.55
128.0,548.0,3634.126,1.0,0.001,0.2,465869.0,0.13,0.06,-0.314,0.845,0.87,0.0,-0.019,315.0,0.029,1.0,950,1.0,1.007,2.0,26.0,0.502,0.007,45273.0,0.228,0.408,0.997,3669.0,0.342,0.426,0.55
17.0,30.0,3812.04,1.0,0.001,0.35,466683.0,0.13,0.061,-0.311,0.845,0.872,0.0,-0.003,318.0,0.935,1.0,955,0.0,1.007,2.0,5.0,0.502,0.021,45529.0,0.228,0.619,0.997,3675.0,0.343,0.619,0.57
3.0,14.0,3632.262,0.0,0.001,8.5,467304.0,0.16,0.061,-0.298,0.825,0.873,0.0,-0.013,319.0,0.125,1.0,960,0.0,0.777,2.0,4.0,0.502,-0.034,45529.0,0.228,0.619,0.997,3681.0,0.343,0.417,0.56
128.0,723.0,3814.11,1.0,0.001,0.142,468756.0,0.15,0.066,-0.304,0.835,0.872,0.0,-0.013,319.0,0.248,1.0,965,0.0,1.255,2.0,31.0,0.502,-0.005,45744.0,0.231,0.437,0.997,3685.0,0.343,0.443,0.54
3.0,16.0,3632.322,0.0,0.001,0.083,469005.0,0.16,0.068,-0.332,0.825,0.892,0.0,0.028,320.0,3.371,1.0,970,0.0,1.415,2.0,4.0,0.502,-0.027,45882.0,0.233,0.619,0.997,3689.0,0.343,0.393,0.54
128.0,90.0,3812.366,1.0,0.001,0.586,469254.0,0.16,0.067,-0.32,0.82,0.884,0.0,-0.003,322.0,0.255,1.0,975,0.0,0.68,2.0,10.0,0.502,-0.013,46145.0,0.231,0.428,0.997,3693.0,0.343,0.427,0.55
15.0,117.0,3886.618,1.0,0.001,0.0,469503.0,0.16,0.066,-0.314,0.805,0.858,0.0,0.021,325.0,0.111,1.0,980,0.0,1.146,2.0,12.0,0.502,0.005,46145.0,0.231,0.409,0.997,3703.0,0.343,0.4,0.54
128.0,768.0,3779.465,1.0,0.001,0.738,470649.0,0.15,0.066,-0.315,0.795,0.857,0.0,0.028,327.0,0.554,1.0,985,1.0,1.087,2.0,32.0,0.502,0.002,46401.0,0.232,0.416,0.997,3709.0,0.343,0.419,0.54
71.0,50.0,3884.286,1.0,0.001,0.268,470908.0,0.15,0.065,-0.309,0.79,0.839,0.0,-0.006,331.0,0.112,1.0,990,0.0,0.472,2.0,7.0,0.502,0.021,46401.0,0.232,0.619,0.997,3719.0,0.343,0.619,0.55
10.0,75.0,3632.56,1.0,0.001,0.0,471171.0,0.15,0.065,-0.3,0.78,0.847,0.0,-0.006,331.0,0.02,1.0,995,0.0,0.472,2.0,8.0,0.502,-0.017,46529.0,0.232,0.416,0.997,3725.0,0.344,0.393,0.53
74.0,69.0,3704.23,1.0,0.001,0.691,472216.0,0.14,0.068,-0.29,0.775,0.842,0.0,-0.006,332.0,0.288,1.0,1000,1.0,0.514,2.0,9.0,0.502,-0.015,46731.0,0.232,0.524,0.997,3731.0,0.344,0.47,0.53
7.0,16.0,3776.101,1.0,0.001,0.453,472436.0,0.15,0.063,-0.274,0.77,0.834,0.0,0.0,333.0,0.15,1.0,1005,1.0,0.528,2.0,4.0,0.502,0.016,46826.0,0.232,0.62,0.997,3735.0,0.345,0.586,0.53
128.0,574.0,3742.13,1.0,0.002,0.273,473615.0,0.15,0.057,-0.214,0.765,0.719,0.0,-0.022,335.0,0.1,1.0,1010,0.0,0.493,4.0,30.0,0.502,-0.007,46954.0,0.231,0.426,0.997,3749.0,0.345,0.398,0.53
3.0,23.0,3632.293,0.0,0.002,0.083,474056.0,0.14,0.052,-0.184,0.765,0.576,0.0,-0.022,335.0,0.087,1.0,1015,1.0,0.278,2.0,6.0,0.502,-0.0,46957.0,0.231,0.544,0.997,3757.0,0.345,0.393,0.51
117.0,15.0,3775.938,1.0,0.002,0.178,476543.0,0.14,0.052,-0.16,0.76,0.536,0.0,-0.002,336.0,0.881,1.0,1020,1.0,0.188,2.0,5.0,0.502,0.017,47074.0,0.23,0.616,0.997,3765.0,0.345,0.554,0.5
128.0,89.0,3812.122,1.0,0.002,0.508,476755.0,0.15,0.051,-0.185,0.765,0.621,0.0,-0.003,339.0,0.763,1.0,1025,0.0,0.188,2.0,11.0,0.502,0.001,47131.0,0.23,0.515,0.997,3771.0,0.345,0.419,0.5
128.0,77.0,3632.538,1.0,0.002,0.0,477832.0,0.13,0.054,-0.176,0.77,0.605,0.0,-0.003,341.0,0.432,1.0,1030,1.0,0.439,2.0,11.0,0.502,0.005,47259.0,0.231,0.539,0.997,3777.0,0.346,0.444,0.51
3.0,17.0,3632.259,0.0,0.002,0.0,478014.0,0.14,0.057,-0.17,0.755,0.605,0.0,0.044,342.0,0.995,1.0,1035,0.0,0.892,2.0,4.0,0.502,-0.032,47378.0,0.23,0.621,0.997,3779.0,0.347,0.399,0.51
76.0,22.0,3814.128,1.0,0.002,0.664,478326.0,0.13,0.058,-0.17,0.76,0.604,0.0,-0.017,344.0,0.023,1.0,1040,0.0,0.288,2.0,6.0,0.502,0.006,47384.0,0.23,0.585,0.997,3787.0,0.347,0.543,0.5
128.0,18.0,3811.985,1.0,0.002,0.404,479051.0,0.14,0.055,-0.163,0.75,0.603,0.0,0.003,347.0,0.185,1.0,1045,0.0,0.512,2.0,4.0,0.502,0.023,47384.0,0.23,0.561,0.997,3797.0,0.347,0.591,0.52
128.0,87.0,3812.111,1.0,0.002,0.719,479338.0,0.15,0.055,-0.161,0.74,0.603,0.0,0.004,350.0,1.614,1.0,1050,0.0,0.37,2.0,11.0,0.502,0.01,47384.0,0.23,0.495,0.997,3807.0,0.347,0.427,0.54
128.0,37.0,3634.418,1.0,0.002,0.5,479655.0,0.14,0.058,-0.181,0.755,0.61,0.0,-0.007,351.0,1.191,1.0,1055,1.0,3.957,2.0,7.0,0.502,0.002,47541.0,0.232,0.51,0.997,3811.0,0.347,0.458,0.54
100.0,33.0,3740.143,1.0,0.002,0.258,480020.0,0.11,0.058,-0.18,0.75,0.61,0.0,0.006,355.0,0.293,1.0,1060,0.0,0.661,2.0,7.0,0.502,-0.014,47541.0,0.232,0.479,0.997,3821.0,0.348,0.398,0.55
10.0,68.0,3812.574,1.0,0.002,0.0,481047.0,0.11,0.058,-0.155,0.76,0.574,0.0,-0.05,358.0,0.039,1.0,1065,0.0,0.402,2.0,10.0,0.504,-0.002,47666.0,0.23,0.394,0.997,3829.0,0.348,0.394,0.55
12.0,32.0,3811.79,1.0,0.002,0.793,481260.0,0.1,0.058,-0.196,0.75,0.671,0.0,0.017,361.0,0.121,1.0,1070,0.0,0.511,2.0,6.0,0.504,0.006,47667.0,0.23,0.603,0.997,3837.0,0.348,0.613,0.54
81.0,827.0,3887.932,1.0,0.002,0.984,483270.0,0.1,0.058,-0.199,0.785,0.67,0.0,0.009,364.0,0.242,1.0,1075,0.0,1.172,2.0,36.0,0.504,0.012,47667.0,0.23,0.404,0.997,3847.0,0.348,0.424,0.55
128.0,54.0,3704.169,1.0,0.002,0.344,485991.0,0.11,0.055,-0.202,0.81,0.67,0.0,-0.038,366.0,0.019,1.0,1080,1.0,0.282,2.0,9.0,0.504,-0.003,47923.0,0.23,0.501,0.997,3853.0,0.348,0.443,0.57
128.0,15.0,3632.335,1.0,0.002,0.042,487797.0,0.11,0.061,-0.249,0.82,0.787,0.0,0.002,368.0,0.133,1.0,1085,0.0,0.392,2.0,5.0,0.504,0.017,47923.0,0.23,0.622,0.997,3861.0,0.348,0.588,0.58
128.0,1433.0,3744.826,1.0,0.002,1.625,490900.0,0.1,0.056,-0.221,0.825,0.726,0.0,0.0,370.0,0.057,1.0,1090,0.0,1.281,2.0,49.0,0.504,-0.048,47926.0,0.23,0.405,0.997,3869.0,0.349,0.41,0.58
75.0,40.0,3811.781,1.0,0.002,0.199,492088.0,0.09,0.055,-0.221,0.83,0.726,0.0,-0.005,372.0,0.202,1.0,1095,0.0,1.281,2.0,8.0,0.504,0.02,48166.0,0.23,0.61,0.997,3875.0,0.349,0.616,0.58
2.0,29.0,3704.657,0.0,0.002,0.0,492399.0,0.1,0.058,-0.238,0.84,0.735,0.0,0.004,373.0,0.076,1.0,1100,0.0,1.093,2.0,6.0,0.504,-0.044,48169.0,0.229,0.509,0.997,3879.0,0.35,0.395,0.57
128.0,1621.0,3891.17,1.0,0.002,1.141,495055.0,0.08,0.058,-0.235,0.825,0.737,0.0,0.004,375.0,0.015,1.0,1105,0.0,0.246,2.0,52.0,0.503,0.0,48328.0,0.229,0.441,0.997,3885.0,0.349,0.433,0.56
76.0,29.0,3632.398,1.0,0.003,0.77,496384.0,0.11,0.059,-0.226,0.81,0.702,0.0,-0.002,376.0,0.15,1.0,1110,1.0,1.017,4.0,7.0,0.503,0.007,48539.0,0.227,0.481,0.997,3889.0,0.35,0.46,0.57
128.0,84.0,3632.554,1.0,0.003,0.073,496702.0,0.13,0.062,-0.227,0.83,0.664,0.0,-0.002,376.0,0.117,1.0,1115,1.0,0.94,4.0,10.0,0.503,-0.023,48802.0,0.226,0.421,0.997,3893.0,0.35,0.413,0.57
59.0,29.0,3814.388,1.0,0.003,0.203,496935.0,0.16,0.059,-0.225,0.83,0.662,0.0,-0.007,379.0,0.092,1.0,1120,0.0,0.998,3.0,7.0,0.503,-0.022,48895.0,0.225,0.482,0.997,3906.0,0.35,0.418,0.59
128.0,75.0,3632.538,1.0,0.003,0.0,498286.0,0.15,0.056,-0.232,0.835,0.672,0.0,-0.007,379.0,0.067,1.0,1125,1.0,0.226,3.0,11.0,0.503,0.007,49151.0,0.225,0.51,0.997,3912.0,0.35,0.447,0.57
128.0,42.0,3632.429,1.0,0.003,0.303,498446.0,0.18,0.059,-0.268,0.845,0.78,0.0,-0.002,380.0,0.165,1.0,1130,1.0,0.758,3.0,8.0,0.503,0.004,49346.0,0.223,0.509,0.997,3918.0,0.351,0.44,0.57
34.0,15.0,3811.788,1.0,0.003,0.471,498664.0,0.17,0.058,-0.268,0.845,0.784,0.0,0.005,381.0,0.048,1.0,1135,0.0,1.143,2.0,5.0,0.503,0.006,49351.0,0.223,0.621,0.997,3922.0,0.35,0.603,0.57
5.0,63.0,3632.454,1.0,0.003,1.422,500773.0,0.17,0.056,-0.27,0.855,0.782,0.0,-0.004,382.0,0.033,1.0,1140,1.0,1.143,2.0,9.0,0.503,0.003,49555.0,0.224,0.443,0.997,3924.0,0.35,0.398,0.57
128.0,14.0,3704.131,1.0,0.003,0.707,500994.0,0.16,0.055,-0.268,0.86,0.783,0.0,-0.005,384.0,0.2,1.0,1145,1.0,0.869,2.0,5.0,0.503,0.017,49683.0,0.224,0.593,0.997,3932.0,0.35,0.598,0.56
86.0,60.0,3743.908,1.0,0.003,0.387,501668.0,0.15,0.055,-0.243,0.87,0.726,0.0,-0.005,384.0,0.035,1.0,1150,0.0,0.25,2.0,9.0,0.503,-0.009,49715.0,0.224,0.559,0.997,3938.0,0.351,0.408,0.54
128.0,100.0,3740.352,1.0,0.003,0.613,503943.0,0.14,0.055,-0.244,0.875,0.725,0.0,-0.005,384.0,0.093,1.0,1155,0.0,0.484,2.0,12.0,0.503,0.001,49716.0,0.224,0.432,0.997,3946.0,0.351,0.457,0.53
128.0,59.0,3811.825,1.0,0.003,0.166,504228.0,0.14,0.056,-0.265,0.865,0.762,0.0,-0.006,386.0,0.337,1.0,1160,0.0,0.776,2.0,10.0,0.503,-0.002,49784.0,0.224,0.559,0.997,3952.0,0.351,0.443,0.54
47.0,16.0,3742.67,1.0,0.003,0.934,504368.0,0.15,0.057,-0.304,0.865,0.822,0.0,0.021,389.0,0.02,1.0,1165,0.0,0.776,2.0,5.0,0.502,0.016,49784.0,0.224,0.613,0.997,3958.0,0.352,0.547,0.55
67.0,27.0,3956.24,1.0,0.003,0.586,504570.0,0.16,0.061,-0.297,0.87,0.752,0.0,-0.002,391.0,0.004,1.0,1170,0.0,0.576,2.0,7.0,0.502,0.006,49871.0,0.224,0.61,0.997,3962.0,0.352,0.562,0.56
34.0,384.0,3635.753,1.0,0.003,0.383,513588.0,0.16,0.063,-0.3,0.875,0.751,0.0,-0.005,393.0,0.349,1.0,1175,1.0,0.353,2.0,23.0,0.502,0.004,49905.0,0.224,0.414,0.997,3968.0,0.352,0.428,0.58
1.0,18.0,3776.712,0.0,0.003,0.125,515075.0,0.15,0.069,-0.317,0.875,0.769,0.0,-0.774,395.0,0.072,1.0,1180,0.0,0.225,2.0,6.0,0.502,-0.042,50034.0,0.224,0.401,0.997,3972.0,0.352,0.411,0.6
128.0,14.0,3739.989,1.0,0.003,0.473,515992.0,0.15,0.061,-0.297,0.87,0.758,0.0,-0.006,397.0,0.134,1.0,1185,0.0,0.225,2.0,5.0,0.501,0.017,50162.0,0.224,0.621,0.997,3980.0,0.353,0.612,0.6
25.0,15.0,3704.169,1.0,0.003,0.371,517280.0,0.15,0.065,-0.299,0.885,0.757,0.0,-0.006,397.0,0.345,1.0,1190,1.0,0.396,2.0,5.0,0.501,0.02,50189.0,0.224,0.622,0.997,3986.0,0.353,0.573,0.57
44.0,21.0,3704.06,1.0,0.003,0.247,517447.0,0.15,0.067,-0.308,0.89,0.764,0.0,-0.001,398.0,0.862,1.0,1195,1.0,0.773,2.0,5.0,0.501,0.017,50233.0,0.224,0.617,0.997,3992.0,0.353,0.529,0.56
71.0,22.0,3884.393,1.0,0.003,0.25,518486.0,0.14,0.066,-0.284,0.88,0.735,0.0,-0.003,401.0,0.038,1.0,1200,0.0,0.422,2.0,6.0,0.501,0.02,50233.0,0.224,0.619,0.997,4002.0,0.353,0.56,0.56
128.0,73.0,3632.507,1.0,0.003,1.406,518847.0,0.14,0.061,-0.283,0.88,0.735,0.0,-0.003,401.0,0.041,1.0,1205,0.0,0.267,2.0,10.0,0.501,0.006,50356.0,0.226,0.422,0.997,4008.0,0.353,0.475,0.54
128.0,112.0,3632.601,1.0,0.002,0.062,519097.0,0.11,0.067,-0.314,0.86,0.798,0.0,-0.003,401.0,0.053,1.0,1210,1.0,0.267,2.0,12.0,0.501,0.003,50593.0,0.226,0.541,0.997,4016.0,0.354,0.474,0.54
84.0,15.0,3633.554,1.0,0.002,0.508,520043.0,0.08,0.065,-0.313,0.86,0.798,0.0,-0.001,403.0,0.086,1.0,1215,0.0,0.667,2.0,5.0,0.501,0.02,50593.0,0.226,0.597,0.997,4026.0,0.353,0.606,0.52
128.0,183.0,3632.882,1.0,0.002,0.232,520383.0,0.07,0.066,-0.305,0.86,0.791,0.0,-0.014,404.0,0.15,1.0,1220,1.0,0.727,2.0,15.0,0.501,0.007,50754.0,0.226,0.533,0.997,4030.0,0.353,0.501,0.52
128.0,57.0,3632.415,1.0,0.002,0.297,520618.0,0.07,0.064,-0.275,0.865,0.686,0.0,0.023,406.0,0.572,1.0,1225,0.0,0.172,2.0,8.0,0.502,-0.007,50754.0,0.226,0.498,0.997,4040.0,0.353,0.528,0.51
5.0,39.0,3740.031,1.0,0.002,0.0,520824.0,0.06,0.067,-0.298,0.87,0.731,0.0,0.051,407.0,0.316,1.0,1230,0.0,0.172,2.0,6.0,0.502,-0.039,50754.0,0.226,0.488,0.997,4044.0,0.354,0.44,0.5
3.0,74.0,3632.541,0.0,0.002,0.0,521518.0,0.06,0.075,-0.323,0.88,0.755,0.0,-0.023,408.0,0.022,1.0,1235,0.0,1.057,2.0,9.0,0.502,0.002,50869.0,0.227,0.474,0.997,4048.0,0.354,0.398,0.49
2.0,14.0,3632.32,0.0,0.002,0.512,523055.0,0.06,0.076,-0.34,0.86,0.797,0.0,-0.023,408.0,0.249,1.0,1240,1.0,0.562,3.0,5.0,0.502,-0.0,50871.0,0.227,0.625,0.997,4054.0,0.355,0.413,0.47
128.0,70.0,3740.163,1.0,0.002,1.984,524126.0,0.06,0.077,-0.334,0.855,0.788,0.0,-0.006,410.0,0.347,1.0,1245,0.0,1.135,3.0,10.0,0.502,0.017,50871.0,0.227,0.621,0.997,4066.0,0.355,0.602,0.47
3.0,9.0,3704.054,0.0,0.002,0.14,529227.0,0.08,0.082,-0.364,0.855,0.83,0.0,0.005,412.0,0.112,1.0,1250,1.0,0.196,2.0,3.0,0.502,-0.053,50874.0,0.227,0.474,0.997,4076.0,0.355,0.415,0.46
3.0,6.0,3632.338,0.0,0.002,1.0,531823.0,0.1,0.089,-0.36,0.865,0.813,0.0,-0.001,413.0,0.035,1.0,1255,0.0,0.22,2.0,3.0,0.502,-0.042,50877.0,0.227,0.474,0.997,4083.0,0.355,0.406,0.45
3.0,10.0,3632.259,0.0,0.002,0.0,532016.0,0.13,0.081,-0.293,0.86,0.722,0.0,-0.001,413.0,0.029,1.0,1260,0.0,0.344,2.0,3.0,0.502,-0.057,50909.0,0.227,0.549,0.997,4088.0,0.355,0.441,0.45
6.0,38.0,3740.738,1.0,0.002,0.0,535509.0,0.12,0.078,-0.295,0.86,0.723,0.0,-0.035,415.0,0.071,1.0,1265,0.0,0.523,3.0,8.0,0.502,-0.023,50995.0,0.229,0.473,0.997,4098.0,0.355,0.429,0.45
47.0,36.0,3632.618,1.0,0.002,9.5,535808.0,0.13,0.071,-0.282,0.845,0.708,0.0,-0.004,416.0,0.516,1.0,1270,1.0,0.385,3.0,7.0,0.502,0.013,51048.0,0.229,0.588,0.997,4104.0,0.355,0.61,0.44
19.0,48.0,3883.815,1.0,0.002,0.641,536074.0,0.13,0.07,-0.282,0.845,0.708,0.0,0.0,419.0,0.126,1.0,1275,0.0,1.318,3.0,8.0,0.502,0.013,51280.0,0.229,0.626,0.997,4113.0,0.355,0.612,0.45
128.0,11.0,3815.683,1.0,0.002,0.449,536310.0,0.13,0.071,-0.274,0.845,0.69,0.0,0.01,421.0,0.248,1.0,1280,0.0,1.381,2.0,4.0,0.502,0.022,51288.0,0.229,0.609,0.997,4123.0,0.355,0.604,0.45
1.0,10.0,3632.294,0.0,0.002,0.723,537836.0,0.13,0.071,-0.259,0.835,0.722,0.0,-0.001,423.0,0.273,1.0,1285,1.0,1.381,2.0,3.0,0.502,-0.053,51312.0,0.229,0.626,0.997,4131.0,0.356,0.397,0.45
7.0,67.0,3740.308,1.0,0.002,0.0,539034.0,0.15,0.071,-0.276,0.82,0.763,0.0,0.173,424.0,0.033,1.0,1290,0.0,1.381,3.0,10.0,0.502,-0.039,51375.0,0.23,0.42,0.997,4139.0,0.356,0.397,0.45
58.0,34.0,3704.106,1.0,0.002,0.0,539986.0,0.15,0.082,-0.259,0.85,0.7,0.0,0.015,425.0,0.011,1.0,1295,1.0,0.831,2.0,7.0,0.502,0.015,51433.0,0.23,0.622,0.997,4149.0,0.356,0.618,0.44
128.0,31.0,3704.101,1.0,0.002,0.482,541784.0,0.15,0.075,-0.237,0.83,0.711,0.0,-0.045,426.0,0.145,1.0,1300,1.0,0.484,2.0,6.0,0.502,0.021,51704.0,0.23,0.577,0.997,4154.0,0.356,0.577,0.44
128.0,578.0,3706.013,1.0,0.002,0.201,542666.0,0.15,0.071,-0.235,0.825,0.711,0.0,0.004,427.0,0.154,1.0,1305,1.0,2.268,2.0,28.0,0.502,-0.019,51832.0,0.23,0.425,0.997,4165.0,0.357,0.428,0.43
71.0,125.0,3632.7,1.0,0.002,0.645,543226.0,0.15,0.064,-0.191,0.805,0.642,0.0,0.028,430.0,0.129,1.0,1310,0.0,0.649,4.0,14.0,0.502,-0.015,51832.0,0.23,0.398,0.997,4183.0,0.357,0.397,0.46
91.0,69.0,3812.905,1.0,0.002,0.18,544863.0,0.16,0.055,-0.146,0.82,0.546,0.0,-0.007,433.0,0.424,1.0,1315,0.0,0.48,3.0,12.0,0.502,-0.004,51832.0,0.23,0.486,0.997,4200.0,0.357,0.488,0.46
104.0,54.0,3704.257,1.0,0.002,0.156,545961.0,0.14,0.053,-0.14,0.815,0.536,0.0,0.001,435.0,0.254,1.0,1320,1.0,0.621,3.0,9.0,0.502,0.01,52064.0,0.231,0.55,0.997,4209.0,0.356,0.418,0.45
1.0,40.0,3632.456,0.0,0.002,0.0,546490.0,0.16,0.054,-0.113,0.8,0.454,0.0,-0.007,436.0,0.17,1.0,1325,0.0,0.601,3.0,8.0,0.502,-0.015,52260.0,0.23,0.629,0.997,4215.0,0.357,0.487,0.44
2.0,15.0,3632.32,0.0,0.002,0.0,546648.0,0.15,0.053,-0.138,0.8,0.586,0.0,-0.007,436.0,0.001,1.0,1330,1.0,0.885,3.0,5.0,0.502,-0.028,52507.0,0.231,0.514,0.997,4217.0,0.357,0.399,0.43
128.0,412.0,3633.741,1.0,0.002,0.0,548790.0,0.16,0.055,-0.15,0.805,0.61,0.0,-0.007,436.0,0.15,1.0,1335,1.0,0.44,3.0,27.0,0.502,0.003,52791.0,0.231,0.417,0.997,4220.0,0.357,0.399,0.43
128.0,12.0,3632.32,1.0,0.002,0.191,549770.0,0.16,0.056,-0.156,0.795,0.629,0.0,-0.007,437.0,0.189,1.0,1340,0.0,0.506,2.0,4.0,0.502,0.019,53047.0,0.234,0.598,0.997,4225.0,0.358,0.631,0.42
4.0,16.0,3812.692,1.0,0.002,0.094,551696.0,0.16,0.052,-0.16,0.81,0.63,0.0,-0.013,439.0,0.104,1.0,1345,0.0,0.431,2.0,5.0,0.502,-0.013,53047.0,0.234,0.514,0.997,4239.0,0.358,0.396,0.42
9.0,65.0,3740.562,1.0,0.002,0.0,551947.0,0.14,0.053,-0.156,0.795,0.694,0.0,0.076,442.0,0.809,1.0,1350,0.0,0.578,3.0,11.0,0.502,-0.021,53051.0,0.234,0.422,0.997,4248.0,0.359,0.396,0.44
3.0,8.0,3632.287,0.0,0.002,4.375,552023.0,0.12,0.053,-0.175,0.8,0.715,0.0,0.076,442.0,0.017,1.0,1355,0.0,0.493,2.0,4.0,0.502,-0.004,53051.0,0.234,0.398,0.997,4251.0,0.36,0.414,0.44
24.0,16.0,3740.222,1.0,0.002,1.125,553612.0,0.1,0.052,-0.171,0.815,0.632,0.0,0.005,445.0,0.051,1.0,1360,0.0,0.493,2.0,5.0,0.502,0.017,53181.0,0.232,0.591,0.997,4259.0,0.36,0.514,0.46
50.0,19.0,3740.303,1.0,0.002,0.41,553849.0,0.1,0.054,-0.172,0.81,0.636,0.0,0.013,447.0,0.0,1.0,1365,0.0,0.847,2.0,6.0,0.502,0.019,53311.0,0.232,0.629,0.997,4264.0,0.36,0.629,0.47
14.0,87.0,3814.235,1.0,0.002,0.781,555253.0,0.1,0.051,-0.176,0.815,0.629,0.0,0.012,450.0,0.392,1.0,1370,0.0,0.819,3.0,12.0,0.502,-0.001,53311.0,0.232,0.413,0.997,4279.0,0.36,0.411,0.49
61.0,22.0,3811.697,1.0,0.002,0.285,555546.0,0.11,0.055,-0.177,0.81,0.629,0.0,0.012,450.0,0.348,1.0,1375,0.0,0.308,2.0,6.0,0.502,0.02,53423.0,0.232,0.629,0.997,4287.0,0.36,0.572,0.47
1.0,10.0,3632.3,0.0,0.002,3.562,556357.0,0.12,0.054,-0.193,0.815,0.65,0.0,0.006,451.0,0.088,1.0,1380,0.0,0.495,2.0,3.0,0.502,-0.024,53551.0,0.233,0.629,0.997,4292.0,0.36,0.428,0.48
128.0,85.0,3884.868,1.0,0.002,0.271,556819.0,0.12,0.052,-0.196,0.82,0.649,0.0,-0.006,453.0,0.094,1.0,1385,0.0,0.427,3.0,12.0,0.502,-0.007,53551.0,0.233,0.552,0.997,4306.0,0.36,0.456,0.48
4.0,13.0,3813.038,1.0,0.002,0.531,557517.0,0.12,0.07,-0.201,0.805,0.66,0.0,0.026,456.0,0.373,1.0,1390,0.0,0.522,2.0,4.0,0.502,0.018,53551.0,0.233,0.629,0.997,4317.0,0.36,0.58,0.5
2.0,16.0,3632.366,0.0,0.002,0.527,558478.0,0.13,0.071,-0.214,0.795,0.7,0.0,0.026,456.0,0.066,1.0,1395,1.0,0.404,2.0,5.0,0.502,0.001,53908.0,0.232,0.512,0.997,4319.0,0.36,0.402,0.49
128.0,920.0,3707.183,1.0,0.002,0.734,559513.0,0.13,0.071,-0.214,0.8,0.7,0.0,0.026,456.0,0.264,1.0,1400,1.0,0.597,3.0,42.0,0.502,0.003,54038.0,0.232,0.409,0.997,4326.0,0.36,0.427,0.48
128.0,147.0,3812.276,1.0,0.002,0.719,560415.0,0.13,0.071,-0.211,0.795,0.679,0.0,0.015,459.0,0.191,1.0,1405,0.0,0.548,3.0,16.0,0.502,-0.022,54166.0,0.232,0.45,0.997,4336.0,0.36,0.489,0.49
56.0,13.0,3704.081,1.0,0.006,0.785,561072.0,0.13,0.073,-0.168,0.785,0.561,0.0,0.005,461.0,0.051,1.0,1410,0.0,0.683,2.0,4.0,0.502,0.022,54229.0,0.232,0.628,0.997,4349.0,0.36,0.602,0.5
128.0,653.0,3779.748,1.0,0.006,1.117,561958.0,0.13,0.071,-0.18,0.805,0.593,0.0,-0.011,463.0,0.031,1.0,1415,1.0,0.63,2.0,38.0,0.502,0.007,54357.0,0.233,0.425,0.997,4355.0,0.36,0.397,0.5
100.0,38.0,3813.051,1.0,0.006,0.138,563635.0,0.14,0.069,-0.179,0.81,0.593,0.0,-0.008,465.0,0.204,1.0,1420,0.0,0.211,3.0,8.0,0.502,-0.003,54357.0,0.233,0.493,0.997,4367.0,0.36,0.442,0.52
4.0,13.0,3814.525,1.0,0.006,0.031,563814.0,0.12,0.071,-0.168,0.82,0.533,0.0,-0.002,467.0,0.183,1.0,1425,0.0,0.499,2.0,4.0,0.501,-0.035,54465.0,0.233,0.628,0.997,4371.0,0.361,0.394,0.53
7.0,57.0,3704.229,1.0,0.006,0.0,563983.0,0.11,0.069,-0.174,0.825,0.507,0.0,0.028,470.0,0.065,1.0,1430,0.0,0.776,2.0,10.0,0.501,0.006,54465.0,0.233,0.407,0.997,4381.0,0.36,0.394,0.52
123.0,63.0,3740.071,1.0,0.006,0.164,564149.0,0.1,0.072,-0.186,0.83,0.548,0.0,0.007,472.0,0.058,1.0,1435,0.0,0.776,2.0,9.0,0.501,-0.004,54466.0,0.233,0.479,0.997,4389.0,0.36,0.456,0.52
3.0,20.0,3704.104,0.0,0.006,1.711,564383.0,0.1,0.078,-0.195,0.81,0.561,0.0,-0.007,474.0,0.122,1.0,1440,0.0,0.419,2.0,5.0,0.501,0.006,54580.0,0.234,0.472,0.997,4395.0,0.36,0.406,0.51
112.0,1212.0,3781.172,1.0,0.006,1.258,566832.0,0.11,0.076,-0.191,0.815,0.559,0.0,-0.008,475.0,0.032,1.0,1445,0.0,0.784,2.0,58.0,0.502,0.017,54708.0,0.234,0.396,0.997,4403.0,0.361,0.429,0.51
3.0,44.0,3632.713,0.0,0.006,0.25,568610.0,0.12,0.084,-0.202,0.82,0.558,0.0,-0.005,476.0,0.253,1.0,1450,0.0,0.776,2.0,7.0,0.502,-0.005,54836.0,0.233,0.627,0.997,4409.0,0.361,0.443,0.52
128.0,50.0,3740.087,1.0,0.006,0.044,568803.0,0.13,0.088,-0.239,0.825,0.622,0.0,-0.005,476.0,0.342,1.0,1455,0.0,0.38,2.0,8.0,0.502,-0.018,55010.0,0.233,0.506,0.997,4413.0,0.361,0.504,0.5
3.0,18.0,3632.259,0.0,0.006,0.0,569914.0,0.12,0.087,-0.245,0.825,0.625,0.0,-0.003,478.0,0.053,1.0,1460,0.0,0.38,2.0,4.0,0.502,-0.002,55206.0,0.233,0.475,0.997,4417.0,0.361,0.397,0.51
98.0,39.0,3884.965,1.0,0.006,0.139,573524.0,0.12,0.086,-0.253,0.83,0.628,0.0,-0.006,479.0,0.043,1.0,1465,0.0,0.371,2.0,8.0,0.502,-0.005,55336.0,0.232,0.561,0.997,4421.0,0.362,0.474,0.52
128.0,1166.0,3636.273,1.0,0.006,1.375,575751.0,0.1,0.081,-0.251,0.84,0.623,0.0,0.05,480.0,0.07,1.0,1470,1.0,0.6,2.0,56.0,0.502,-0.019,55466.0,0.233,0.416,0.997,4427.0,0.363,0.405,0.51
3.0,49.0,3634.389,0.0,0.006,0.083,576899.0,0.09,0.083,-0.249,0.825,0.623,0.0,-0.002,482.0,0.055,1.0,1475,1.0,0.879,2.0,8.0,0.502,0.003,55497.0,0.233,0.472,0.997,4431.0,0.363,0.395,0.52
114.0,833.0,3742.718,1.0,0.006,1.297,577901.0,0.08,0.083,-0.25,0.825,0.618,0.0,0.012,483.0,0.047,1.0,1480,0.0,0.879,2.0,46.0,0.502,-0.028,55661.0,0.232,0.421,0.997,4437.0,0.363,0.419,0.51
128.0,84.0,3812.895,1.0,0.006,0.404,579468.0,0.08,0.081,-0.247,0.835,0.611,0.0,0.011,487.0,0.031,1.0,1485,0.0,0.392,2.0,12.0,0.502,0.011,55661.0,0.232,0.57,0.997,4447.0,0.363,0.404,0.53
101.0,54.0,3811.905,1.0,0.006,0.426,579696.0,0.06,0.075,-0.227,0.85,0.562,0.0,-0.004,491.0,0.087,1.0,1490,0.0,0.9,2.0,9.0,0.502,-0.008,55716.0,0.232,0.538,0.997,4455.0,0.363,0.463,0.55
20.0,80.0,3957.282,1.0,0.006,1.398,581141.0,0.06,0.078,-0.216,0.85,0.546,0.0,0.007,493.0,0.125,1.0,1495,0.0,1.258,2.0,11.0,0.502,0.005,55755.0,0.232,0.445,0.997,4461.0,0.364,0.432,0.56
128.0,59.0,3740.056,1.0,0.006,0.25,581354.0,0.06,0.08,-0.243,0.86,0.575,0.0,0.005,494.0,0.104,1.0,1500,0.0,0.277,2.0,10.0,0.502,0.001,55815.0,0.233,0.505,0.997,4465.0,0.364,0.461,0.56
128.0,32.0,3632.378,1.0,0.006,0.0,581548.0,0.06,0.08,-0.275,0.865,0.641,0.0,-0.019,495.0,0.492,1.0,1505,1.0,0.277,2.0,6.0,0.502,-0.025,55943.0,0.234,0.407,0.997,4469.0,0.365,0.482,0.57
93.0,49.0,3740.075,1.0,0.003,0.527,583294.0,0.06,0.084,-0.273,0.875,0.606,0.0,0.018,497.0,0.253,1.0,1510,0.0,0.854,4.0,8.0,0.502,-0.002,56071.0,0.233,0.533,0.997,4481.0,0.365,0.446,0.56
128.0,407.0,3813.94,1.0,0.003,1.641,584672.0,0.05,0.082,-0.27,0.88,0.605,0.0,-0.01,498.0,0.432,1.0,1515,0.0,1.482,3.0,37.0,0.502,-0.005,56071.0,0.233,0.454,0.997,4495.0,0.365,0.465,0.53
32.0,27.0,3704.072,1.0,0.003,1.062,585381.0,0.04,0.079,-0.283,0.88,0.621,0.0,-0.011,500.0,0.169,1.0,1520,1.0,0.434,2.0,5.0,0.502,0.02,56168.0,0.233,0.626,0.997,4502.0,0.365,0.578,0.53
49.0,12.0,3632.536,1.0,0.003,0.555,588862.0,0.04,0.074,-0.28,0.885,0.62,0.0,-0.011,500.0,0.101,1.0,1525,0.0,0.434,2.0,3.0,0.502,0.025,56270.0,0.233,0.604,0.997,4506.0,0.365,0.577,0.52
80.0,500.0,3633.929,1.0,0.003,0.566,591066.0,0.05,0.069,-0.248,0.88,0.563,0.0,-0.011,500.0,0.002,1.0,1530,0.0,0.548,2.0,42.0,0.502,-0.006,56328.0,0.233,0.427,0.997,4514.0,0.365,0.41,0.5
2.0,10.0,3775.991,0.0,0.003,0.0,591155.0,0.06,0.071,-0.246,0.875,0.559,0.0,-0.002,502.0,0.054,1.0,1535,0.0,0.359,2.0,2.0,0.502,-0.008,56331.0,0.233,0.509,0.997,4518.0,0.366,0.393,0.52
7.0,43.0,3812.484,1.0,0.003,0.0,592590.0,0.06,0.075,-0.248,0.865,0.559,0.0,0.009,505.0,0.065,1.0,1540,0.0,0.536,2.0,9.0,0.502,-0.015,56459.0,0.233,0.459,0.997,4526.0,0.367,0.393,0.53
58.0,35.0,3704.154,1.0,0.003,0.279,592853.0,0.06,0.069,-0.224,0.865,0.489,0.0,-0.003,507.0,0.023,1.0,1545,0.0,0.589,2.0,7.0,0.502,0.014,56459.0,0.233,0.614,0.997,4535.0,0.366,0.626,0.53
46.0,33.0,3632.511,1.0,0.003,0.135,594316.0,0.06,0.072,-0.222,0.865,0.485,0.0,0.031,509.0,0.008,1.0,1550,0.0,0.524,2.0,7.0,0.502,0.017,56627.0,0.233,0.626,0.997,4543.0,0.366,0.516,0.53
9.0,63.0,3740.637,1.0,0.003,0.0,595148.0,0.07,0.07,-0.208,0.855,0.478,0.0,-0.007,510.0,0.134,1.0,1555,0.0,1.04,3.0,10.0,0.502,0.003,56769.0,0.234,0.418,0.997,4552.0,0.366,0.392,0.54
128.0,11.0,3704.011,1.0,0.003,0.922,595919.0,0.08,0.073,-0.197,0.85,0.456,0.0,0.018,512.0,0.035,1.0,1560,1.0,0.483,2.0,3.0,0.502,0.01,56897.0,0.234,0.616,0.997,4562.0,0.367,0.594,0.53
55.0,15.0,3822.246,1.0,0.003,1.438,596169.0,0.1,0.076,-0.181,0.855,0.491,0.0,0.018,513.0,0.085,1.0,1565,0.0,0.342,2.0,4.0,0.502,0.019,57082.0,0.233,0.596,0.997,4566.0,0.367,0.606,0.52
128.0,89.0,3705.165,1.0,0.003,1.492,597592.0,0.1,0.077,-0.213,0.865,0.608,0.0,0.018,513.0,0.029,1.0,1570,1.0,0.748,2.0,13.0,0.502,-0.014,57210.0,0.233,0.421,0.997,4572.0,0.368,0.457,0.52
6.0,64.0,3740.84,1.0,0.003,0.0,597899.0,0.1,0.078,-0.212,0.86,0.609,0.0,-0.007,514.0,0.112,1.0,1575,0.0,0.748,2.0,11.0,0.502,0.004,57336.0,0.233,0.395,0.997,4576.0,0.368,0.419,0.52
128.0,73.0,3778.569,1.0,0.003,0.445,598187.0,0.1,0.076,-0.208,0.86,0.609,0.0,-0.002,517.0,0.692,1.0,1580,0.0,0.195,2.0,12.0,0.502,0.006,57336.0,0.233,0.488,0.997,4586.0,0.368,0.423,0.53
